Source,Target
0,3
0,139
0,302
0,312
0,601
0,772
1,2
1,6
1,8
1,11
1,18
1,21
1,22
1,39
1,42
1,46
1,48
1,50
1,53
1,57
1,59
1,63
1,64
1,74
1,76
1,80
1,85
1,91
1,96
1,97
1,107
1,108
1,110
1,135
1,157
1,162
1,163
1,164
1,170
1,181
1,182
1,183
1,188
1,199
1,202
1,214
1,232
1,260
1,281
1,318
1,322
1,328
1,369
1,403
1,427
1,488
1,541
1,550
1,554
1,569
1,577
1,583
1,610
1,620
1,675
1,692
1,742
1,753
1,772
1,793
1,810
1,882
1,892
1,924
2,6
2,8
2,11
2,18
2,21
2,22
2,42
2,46
2,48
2,50
2,53
2,57
2,59
2,63
2,64
2,74
2,76
2,80
2,85
2,91
2,96
2,108
2,110
2,135
2,162
2,163
2,164
2,170
2,181
2,182
2,183
2,188
2,199
2,214
2,232
2,260
2,281
2,318
2,322
2,328
2,369
2,403
2,427
2,488
2,541
2,550
2,554
2,569
2,577
2,583
2,610
2,620
2,675
2,692
2,742
2,753
2,772
2,793
2,810
2,862
2,882
2,892
2,924
3,139
3,302
3,312
3,601
3,772
4,12
4,20
4,25
4,26
4,32
4,45
4,49
4,58
4,81
4,165
4,171
4,208
4,345
4,684
4,741
4,806
4,814
5,155
5,640
5,759
5,790
5,879
6,8
6,11
6,18
6,21
6,22
6,39
6,42
6,46
6,48
6,50
6,53
6,57
6,59
6,63
6,64
6,73
6,74
6,76
6,80
6,85
6,91
6,96
6,97
6,107
6,108
6,110
6,135
6,157
6,162
6,163
6,164
6,170
6,181
6,182
6,183
6,188
6,199
6,202
6,214
6,232
6,260
6,281
6,288
6,318
6,322
6,328
6,369
6,403
6,427
6,428
6,488
6,541
6,550
6,554
6,569
6,577
6,583
6,610
6,620
6,675
6,692
6,716
6,742
6,753
6,772
6,793
6,810
6,882
6,892
6,924
7,269
8,11
8,18
8,21
8,22
8,39
8,42
8,46
8,48
8,50
8,53
8,57
8,59
8,63
8,64
8,73
8,74
8,76
8,80
8,85
8,91
8,96
8,97
8,107
8,108
8,110
8,135
8,157
8,162
8,163
8,164
8,170
8,181
8,182
8,183
8,188
8,199
8,202
8,214
8,232
8,260
8,281
8,288
8,318
8,322
8,328
8,369
8,403
8,427
8,428
8,488
8,541
8,550
8,554
8,569
8,577
8,583
8,610
8,620
8,675
8,692
8,716
8,742
8,753
8,772
8,793
8,810
8,882
8,892
8,924
9,330
10,320
11,18
11,21
11,22
11,42
11,46
11,48
11,50
11,53
11,57
11,59
11,63
11,64
11,74
11,76
11,80
11,85
11,91
11,96
11,108
11,110
11,135
11,162
11,163
11,164
11,170
11,181
11,182
11,183
11,188
11,199
11,214
11,232
11,260
11,281
11,318
11,322
11,328
11,369
11,403
11,427
11,488
11,541
11,550
11,554
11,569
11,577
11,583
11,610
11,620
11,675
11,692
11,742
11,753
11,772
11,793
11,810
11,862
11,882
11,892
11,924
12,20
12,25
12,26
12,32
12,45
12,49
12,58
12,81
12,165
12,171
12,208
12,345
12,684
12,741
12,806
13,14
14,491
14,640
15,139
15,661
15,960
16,17
16,23
16,24
16,38
16,44
16,51
16,56
16,90
16,196
16,197
16,359
16,386
16,612
16,676
16,863
17,23
17,24
17,38
17,44
17,51
17,56
17,90
17,196
17,197
17,359
17,386
17,612
17,676
17,863
18,21
18,22
18,42
18,46
18,48
18,50
18,53
18,57
18,59
18,63
18,64
18,74
18,76
18,80
18,85
18,91
18,96
18,108
18,110
18,135
18,162
18,163
18,164
18,170
18,181
18,182
18,183
18,188
18,199
18,214
18,232
18,260
18,281
18,318
18,322
18,328
18,369
18,403
18,427
18,488
18,541
18,550
18,554
18,569
18,577
18,583
18,610
18,620
18,675
18,692
18,742
18,753
18,772
18,793
18,810
18,882
18,892
18,924
19,27
19,122
19,315
19,319
19,400
19,421
19,463
19,593
19,595
19,747
19,848
20,25
20,26
20,32
20,45
20,49
20,58
20,81
20,165
20,171
20,208
20,345
20,684
20,741
20,806
21,22
21,42
21,46
21,48
21,50
21,53
21,57
21,59
21,63
21,64
21,74
21,76
21,80
21,85
21,91
21,96
21,108
21,110
21,135
21,162
21,163
21,164
21,170
21,181
21,182
21,183
21,188
21,190
21,199
21,214
21,232
21,245
21,260
21,281
21,304
21,318
21,322
21,328
21,369
21,403
21,427
21,488
21,541
21,550
21,554
21,569
21,577
21,583
21,610
21,620
21,662
21,664
21,675
21,692
21,700
21,701
21,727
21,734
21,742
21,753
21,772
21,793
21,810
21,882
21,892
21,924
22,39
22,42
22,46
22,48
22,50
22,53
22,57
22,59
22,63
22,64
22,74
22,76
22,80
22,85
22,91
22,96
22,97
22,107
22,108
22,110
22,135
22,157
22,162
22,163
22,164
22,170
22,181
22,182
22,183
22,188
22,199
22,202
22,214
22,232
22,260
22,281
22,318
22,322
22,328
22,369
22,403
22,427
22,488
22,541
22,550
22,554
22,569
22,577
22,583
22,610
22,620
22,675
22,692
22,742
22,753
22,772
22,793
22,810
22,882
22,892
22,924
23,24
23,38
23,44
23,51
23,56
23,90
23,196
23,197
23,359
23,386
23,612
23,676
23,863
24,38
24,44
24,51
24,56
24,90
24,159
24,196
24,197
24,221
24,225
24,359
24,386
24,612
24,627
24,676
24,863
24,990
25,26
25,32
25,45
25,49
25,58
25,81
25,165
25,171
25,208
25,345
25,684
25,741
25,806
26,32
26,45
26,49
26,58
26,81
26,165
26,171
26,208
26,345
26,684
26,741
26,806
27,122
27,205
27,315
27,319
28,47
28,52
28,54
28,69
28,271
28,343
28,411
28,930
29,31
29,33
29,34
29,35
29,36
29,37
29,40
29,55
29,61
29,67
29,70
29,93
29,98
29,101
29,120
29,166
29,192
29,243
29,256
29,348
29,496
29,501
29,546
29,561
29,752
29,831
29,851
29,957
29,989
30,88
30,130
30,132
30,334
30,339
30,464
30,543
30,583
30,600
30,723
30,814
31,33
31,34
31,35
31,36
31,37
31,40
31,55
31,61
31,67
31,70
31,81
31,93
31,98
31,101
31,120
31,166
31,192
31,243
31,256
31,306
31,348
31,399
31,496
31,501
31,542
31,546
31,561
31,722
31,752
31,831
31,851
31,957
31,964
31,989
32,45
32,49
32,58
32,81
32,165
32,171
32,208
32,345
32,684
32,741
32,806
33,34
33,35
33,36
33,37
33,40
33,55
33,61
33,67
33,70
33,81
33,93
33,98
33,101
33,120
33,166
33,192
33,243
33,256
33,306
33,348
33,399
33,496
33,501
33,542
33,546
33,561
33,722
33,752
33,831
33,851
33,957
33,964
33,989
34,35
34,36
34,37
34,40
34,55
34,61
34,67
34,70
34,81
34,93
34,98
34,101
34,120
34,166
34,192
34,243
34,256
34,306
34,348
34,399
34,496
34,501
34,542
34,546
34,561
34,722
34,752
34,831
34,851
34,957
34,964
34,989
35,36
35,37
35,40
35,55
35,61
35,67
35,70
35,81
35,93
35,98
35,101
35,120
35,166
35,192
35,243
35,256
35,306
35,348
35,399
35,496
35,501
35,542
35,546
35,561
35,722
35,752
35,831
35,851
35,957
35,964
35,989
36,37
36,40
36,55
36,61
36,67
36,70
36,93
36,98
36,101
36,120
36,166
36,192
36,243
36,256
36,348
36,496
36,501
36,546
36,561
36,752
36,831
36,851
36,957
36,989
37,40
37,55
37,61
37,67
37,70
37,93
37,98
37,101
37,120
37,166
37,192
37,243
37,256
37,348
37,496
37,501
37,546
37,561
37,752
37,831
37,851
37,957
37,989
38,44
38,51
38,56
38,90
38,196
38,197
38,359
38,386
38,612
38,676
38,863
39,64
39,96
39,97
39,107
39,157
39,181
39,182
39,199
39,202
39,692
40,55
40,61
40,67
40,70
40,81
40,93
40,98
40,101
40,120
40,166
40,192
40,243
40,256
40,306
40,348
40,399
40,496
40,501
40,542
40,546
40,561
40,722
40,752
40,831
40,851
40,957
40,964
40,989
41,73
41,225
41,330
41,432
41,472
42,46
42,48
42,50
42,53
42,57
42,59
42,63
42,64
42,74
42,76
42,80
42,85
42,91
42,96
42,108
42,110
42,135
42,162
42,163
42,164
42,170
42,181
42,182
42,183
42,188
42,199
42,214
42,232
42,260
42,281
42,318
42,322
42,328
42,369
42,403
42,427
42,488
42,541
42,550
42,554
42,569
42,577
42,583
42,610
42,620
42,675
42,692
42,742
42,753
42,772
42,793
42,810
42,862
42,882
42,892
42,924
43,65
43,79
43,133
43,259
43,574
44,51
44,56
44,90
44,196
44,197
44,359
44,386
44,612
44,676
44,863
45,49
45,58
45,81
45,165
45,171
45,208
45,345
45,684
45,741
45,806
46,48
46,50
46,53
46,57
46,59
46,63
46,64
46,74
46,76
46,80
46,85
46,91
46,96
46,108
46,110
46,135
46,162
46,163
46,164
46,170
46,181
46,182
46,183
46,188
46,199
46,214
46,232
46,260
46,281
46,318
46,322
46,328
46,369
46,403
46,427
46,488
46,541
46,550
46,554
46,569
46,577
46,583
46,610
46,620
46,675
46,692
46,742
46,753
46,772
46,793
46,810
46,882
46,892
46,924
47,52
47,54
47,69
47,271
47,343
47,411
47,930
48,50
48,53
48,57
48,59
48,63
48,64
48,74
48,76
48,80
48,85
48,91
48,96
48,108
48,110
48,135
48,162
48,163
48,164
48,170
48,181
48,182
48,183
48,188
48,199
48,214
48,232
48,260
48,281
48,318
48,322
48,328
48,369
48,403
48,427
48,488
48,541
48,550
48,554
48,569
48,577
48,583
48,610
48,620
48,675
48,692
48,742
48,753
48,772
48,793
48,810
48,882
48,892
48,924
49,58
49,81
49,165
49,171
49,208
49,345
49,684
49,741
49,806
50,53
50,57
50,59
50,63
50,64
50,74
50,76
50,80
50,85
50,91
50,96
50,108
50,110
50,135
50,162
50,163
50,164
50,170
50,181
50,182
50,183
50,188
50,190
50,199
50,214
50,232
50,245
50,260
50,281
50,304
50,318
50,322
50,328
50,369
50,403
50,427
50,488
50,541
50,550
50,554
50,569
50,577
50,583
50,610
50,620
50,662
50,664
50,675
50,692
50,700
50,701
50,727
50,734
50,742
50,753
50,772
50,793
50,810
50,882
50,892
50,924
50,980
51,56
51,90
51,196
51,197
51,359
51,386
51,612
51,676
51,863
52,54
52,69
52,271
52,343
52,411
52,930
53,57
53,59
53,63
53,64
53,74
53,76
53,80
53,85
53,91
53,96
53,108
53,110
53,135
53,162
53,163
53,164
53,170
53,181
53,182
53,183
53,188
53,190
53,199
53,214
53,232
53,245
53,260
53,281
53,304
53,318
53,322
53,328
53,369
53,403
53,427
53,488
53,541
53,550
53,554
53,569
53,577
53,583
53,610
53,620
53,662
53,664
53,675
53,692
53,700
53,701
53,727
53,734
53,742
53,753
53,772
53,793
53,810
53,882
53,892
53,924
54,69
54,271
54,343
54,411
54,930
55,61
55,67
55,70
55,93
55,98
55,101
55,120
55,166
55,192
55,243
55,256
55,348
55,496
55,501
55,546
55,561
55,752
55,831
55,851
55,957
55,989
56,90
56,196
56,197
56,359
56,386
56,612
56,676
56,863
57,59
57,63
57,64
57,74
57,76
57,80
57,85
57,91
57,96
57,108
57,110
57,135
57,162
57,163
57,164
57,170
57,181
57,182
57,183
57,188
57,199
57,214
57,232
57,260
57,281
57,318
57,322
57,328
57,369
57,403
57,427
57,488
57,541
57,550
57,554
57,569
57,577
57,583
57,610
57,620
57,675
57,692
57,742
57,753
57,772
57,793
57,810
57,882
57,892
57,924
58,81
58,165
58,171
58,208
58,345
58,684
58,741
58,806
59,63
59,64
59,74
59,76
59,80
59,85
59,91
59,96
59,108
59,110
59,135
59,162
59,163
59,164
59,170
59,181
59,182
59,183
59,188
59,199
59,214
59,232
59,260
59,281
59,318
59,322
59,328
59,369
59,403
59,427
59,488
59,541
59,550
59,554
59,569
59,577
59,583
59,610
59,620
59,675
59,692
59,742
59,753
59,772
59,793
59,810
59,882
59,892
59,924
60,68
60,102
60,111
60,326
60,425
60,526
60,674
60,690
60,715
60,758
60,792
60,820
60,828
60,937
60,948
60,966
61,67
61,70
61,93
61,98
61,101
61,120
61,166
61,192
61,243
61,256
61,348
61,496
61,501
61,546
61,561
61,752
61,831
61,851
61,957
61,989
62,129
62,436
62,626
63,64
63,74
63,76
63,80
63,85
63,91
63,96
63,108
63,110
63,135
63,162
63,163
63,164
63,170
63,181
63,182
63,183
63,188
63,199
63,214
63,232
63,260
63,281
63,318
63,322
63,328
63,369
63,403
63,427
63,488
63,541
63,550
63,554
63,569
63,577
63,583
63,610
63,620
63,675
63,692
63,742
63,753
63,772
63,793
63,810
63,862
63,882
63,892
63,924
64,73
64,74
64,76
64,80
64,85
64,91
64,96
64,97
64,107
64,108
64,110
64,135
64,157
64,162
64,163
64,164
64,170
64,181
64,182
64,183
64,188
64,199
64,202
64,214
64,232
64,260
64,281
64,288
64,318
64,322
64,328
64,369
64,403
64,427
64,428
64,488
64,541
64,550
64,554
64,569
64,577
64,583
64,610
64,620
64,675
64,692
64,716
64,742
64,753
64,772
64,793
64,810
64,882
64,892
64,924
65,79
65,133
65,259
65,574
66,86
66,87
66,147
66,169
66,173
66,174
66,387
66,422
66,559
66,623
66,624
66,710
66,743
66,760
66,763
66,973
67,70
67,93
67,98
67,101
67,120
67,166
67,192
67,243
67,256
67,348
67,496
67,501
67,546
67,561
67,752
67,831
67,851
67,957
67,989
68,102
68,111
68,326
68,425
68,526
68,674
68,690
68,715
68,758
68,792
68,820
68,828
68,937
68,948
68,966
69,271
69,343
69,411
69,930
70,93
70,98
70,101
70,120
70,166
70,192
70,243
70,256
70,348
70,496
70,501
70,546
70,561
70,752
70,831
70,851
70,957
70,989
71,125
71,175
71,186
71,212
71,304
71,371
71,452
71,554
71,664
71,735
71,824
71,912
72,168
72,296
72,637
72,704
73,182
73,225
73,288
73,428
73,432
73,472
73,716
74,76
74,78
74,80
74,85
74,91
74,96
74,108
74,110
74,135
74,162
74,163
74,164
74,170
74,181
74,182
74,183
74,188
74,199
74,214
74,232
74,260
74,281
74,318
74,322
74,328
74,369
74,403
74,427
74,488
74,541
74,550
74,554
74,569
74,577
74,583
74,605
74,610
74,620
74,675
74,692
74,742
74,746
74,753
74,772
74,792
74,793
74,810
74,821
74,882
74,892
74,894
74,924
74,971
75,126
75,249
75,309
75,442
75,503
76,80
76,85
76,91
76,96
76,108
76,110
76,135
76,162
76,163
76,164
76,170
76,181
76,182
76,183
76,188
76,199
76,214
76,232
76,260
76,281
76,318
76,322
76,328
76,369
76,403
76,427
76,488
76,541
76,550
76,554
76,569
76,577
76,583
76,610
76,620
76,675
76,692
76,742
76,753
76,772
76,793
76,810
76,862
76,882
76,892
76,924
77,82
77,112
77,121
77,124
77,184
77,198
77,218
77,220
77,255
77,268
77,274
77,282
77,333
77,346
77,365
77,390
77,414
77,437
77,446
77,489
77,509
77,579
77,585
77,693
77,751
77,867
77,910
77,991
78,80
78,403
78,550
78,605
78,610
78,620
78,746
78,792
78,793
78,821
78,892
78,894
78,971
79,133
79,259
79,574
80,85
80,91
80,96
80,108
80,110
80,135
80,162
80,163
80,164
80,170
80,181
80,182
80,183
80,188
80,199
80,214
80,232
80,260
80,281
80,318
80,322
80,328
80,369
80,403
80,427
80,488
80,541
80,550
80,554
80,569
80,577
80,583
80,605
80,610
80,620
80,675
80,692
80,742
80,746
80,753
80,772
80,792
80,793
80,810
80,821
80,882
80,892
80,894
80,924
80,971
81,101
81,165
81,171
81,208
81,306
81,345
81,399
81,542
81,684
81,722
81,741
81,806
81,957
81,964
81,989
82,112
82,121
82,124
82,184
82,198
82,218
82,220
82,248
82,255
82,268
82,274
82,282
82,291
82,314
82,333
82,346
82,347
82,365
82,390
82,414
82,437
82,446
82,470
82,489
82,493
82,509
82,579
82,585
82,609
82,689
82,693
82,731
82,751
82,770
82,858
82,867
82,910
82,991
82,996
83,474
83,537
83,671
83,786
83,804
83,990
84,923
85,91
85,96
85,108
85,110
85,135
85,143
85,162
85,163
85,164
85,170
85,181
85,182
85,183
85,188
85,199
85,214
85,232
85,253
85,260
85,281
85,285
85,318
85,322
85,328
85,369
85,375
85,403
85,427
85,434
85,476
85,488
85,491
85,538
85,541
85,550
85,554
85,569
85,577
85,583
85,597
85,610
85,612
85,620
85,631
85,675
85,692
85,711
85,729
85,742
85,753
85,772
85,793
85,810
85,812
85,815
85,849
85,882
85,892
85,924
85,934
85,942
85,953
85,981
85,988
86,87
86,147
86,169
86,173
86,174
86,387
86,422
86,559
86,623
86,624
86,710
86,743
86,760
86,763
86,973
87,147
87,169
87,173
87,174
87,387
87,422
87,559
87,623
87,624
87,710
87,743
87,760
87,763
87,973
88,130
88,132
88,334
88,543
88,600
88,814
89,484
90,142
90,159
90,196
90,197
90,216
90,221
90,225
90,359
90,386
90,612
90,627
90,676
90,863
90,990
91,96
91,108
91,110
91,135
91,162
91,163
91,164
91,170
91,181
91,182
91,183
91,188
91,199
91,214
91,232
91,260
91,281
91,318
91,322
91,328
91,369
91,403
91,427
91,488
91,541
91,550
91,554
91,569
91,577
91,583
91,610
91,620
91,675
91,692
91,742
91,753
91,772
91,793
91,810
91,882
91,892
91,924
92,150
92,211
92,295
92,351
92,356
92,363
92,376
92,404
92,440
92,468
92,475
92,477
92,521
92,552
92,570
92,571
92,574
92,643
92,649
92,683
92,694
92,697
92,733
92,744
92,864
92,893
92,896
92,897
92,909
92,960
92,992
92,995
93,98
93,101
93,120
93,166
93,192
93,243
93,256
93,348
93,496
93,501
93,546
93,561
93,752
93,831
93,851
93,957
93,989
94,100
94,127
94,185
94,230
94,231
94,267
94,283
94,317
94,358
94,394
94,396
94,451
94,547
94,573
94,672
94,717
94,719
94,753
94,884
94,902
94,913
94,916
94,968
95,106
95,116
95,167
95,219
95,391
95,862
96,97
96,107
96,108
96,110
96,135
96,157
96,162
96,163
96,164
96,170
96,181
96,182
96,183
96,188
96,199
96,202
96,214
96,232
96,260
96,281
96,318
96,322
96,328
96,369
96,403
96,427
96,488
96,541
96,550
96,554
96,569
96,577
96,583
96,610
96,620
96,675
96,692
96,742
96,753
96,772
96,793
96,810
96,882
96,892
96,924
97,104
97,107
97,113
97,157
97,181
97,182
97,199
97,202
97,251
97,439
97,494
97,518
97,558
97,627
97,638
97,643
97,688
97,692
97,720
97,771
97,778
97,803
97,811
97,825
97,885
97,899
97,983
98,101
98,118
98,120
98,140
98,141
98,166
98,192
98,215
98,243
98,244
98,256
98,289
98,348
98,395
98,496
98,501
98,546
98,561
98,575
98,752
98,831
98,851
98,957
98,989
99,103
99,335
99,364
99,384
99,529
99,846
100,127
100,185
100,230
100,231
100,267
100,283
100,317
100,358
100,394
100,396
100,451
100,547
100,672
100,719
100,753
100,884
100,913
100,916
100,968
101,120
101,166
101,192
101,243
101,256
101,306
101,348
101,399
101,496
101,501
101,542
101,546
101,561
101,722
101,752
101,831
101,851
101,957
101,964
101,989
102,111
102,326
102,425
102,526
102,674
102,690
102,715
102,758
102,792
102,820
102,828
102,937
102,948
102,966
103,335
103,364
103,384
103,529
103,846
104,113
104,202
104,251
104,305
104,439
104,494
104,518
104,558
104,627
104,638
104,643
104,659
104,679
104,688
104,720
104,771
104,778
104,791
104,803
104,811
104,825
104,885
104,899
104,983
105,152
105,293
105,310
105,383
105,413
105,536
106,116
106,167
106,219
106,391
106,862
107,157
107,181
107,182
107,199
107,202
107,692
108,110
108,135
108,162
108,163
108,164
108,170
108,181
108,182
108,183
108,188
108,199
108,214
108,232
108,260
108,281
108,318
108,322
108,328
108,369
108,403
108,427
108,488
108,541
108,550
108,554
108,569
108,577
108,583
108,610
108,620
108,675
108,692
108,742
108,753
108,772
108,793
108,810
108,862
108,882
108,892
108,924
109,207
109,286
109,298
110,135
110,162
110,163
110,164
110,170
110,181
110,182
110,183
110,188
110,199
110,214
110,232
110,260
110,281
110,318
110,322
110,328
110,369
110,371
110,403
110,427
110,488
110,541
110,550
110,554
110,569
110,577
110,583
110,610
110,612
110,620
110,675
110,692
110,742
110,753
110,772
110,793
110,810
110,882
110,892
110,924
110,988
111,326
111,425
111,526
111,674
111,690
111,715
111,758
111,792
111,820
111,828
111,937
111,948
111,966
112,121
112,124
112,184
112,198
112,218
112,220
112,255
112,268
112,274
112,282
112,333
112,346
112,365
112,390
112,414
112,437
112,446
112,489
112,509
112,579
112,585
112,693
112,751
112,867
112,910
112,991
113,202
113,251
113,305
113,439
113,494
113,518
113,558
113,627
113,638
113,643
113,659
113,679
113,688
113,720
113,771
113,778
113,791
113,803
113,811
113,825
113,885
113,899
113,983
114,189
114,513
114,563
114,568
114,578
114,906
115,119
115,209
115,270
115,904
116,167
116,219
116,391
116,862
117,497
117,644
117,669
118,140
118,141
118,166
118,215
118,244
118,289
118,395
118,464
118,575
118,851
119,270
119,951
120,166
120,192
120,243
120,256
120,348
120,496
120,501
120,546
120,561
120,752
120,831
120,851
120,957
120,989
121,124
121,184
121,198
121,218
121,220
121,255
121,268
121,274
121,282
121,333
121,346
121,365
121,390
121,414
121,437
121,446
121,489
121,509
121,579
121,585
121,693
121,751
121,867
121,910
121,991
122,319
122,561
122,594
123,134
123,300
123,368
123,507
123,561
123,647
123,685
123,782
123,830
123,887
123,975
124,184
124,198
124,218
124,220
124,255
124,268
124,274
124,282
124,333
124,346
124,365
124,390
124,414
124,437
124,446
124,489
124,509
124,579
124,585
124,693
124,751
124,867
124,910
124,991
125,175
125,186
125,212
125,304
125,371
125,452
125,554
125,664
125,735
125,824
125,912
126,249
126,309
126,442
126,503
127,185
127,230
127,231
127,250
127,267
127,283
127,317
127,358
127,394
127,396
127,451
127,547
127,672
127,719
127,753
127,884
127,913
127,916
127,968
128,156
128,158
128,172
128,176
128,217
128,262
128,272
128,303
128,306
128,372
128,379
128,399
128,407
128,510
128,542
128,722
129,430
129,436
129,626
129,940
130,132
130,334
130,543
130,600
130,814
131,254
131,799
131,819
131,927
131,994
132,334
132,543
132,600
132,814
132,974
133,259
133,574
134,300
134,368
134,507
134,561
134,647
134,685
134,782
134,830
134,887
134,975
135,162
135,163
135,164
135,170
135,181
135,182
135,183
135,188
135,199
135,214
135,232
135,260
135,281
135,318
135,322
135,328
135,369
135,403
135,427
135,488
135,541
135,550
135,554
135,569
135,577
135,583
135,610
135,620
135,675
135,692
135,742
135,753
135,772
135,793
135,810
135,882
135,892
135,924
136,216
136,250
136,266
136,273
136,284
136,311
136,352
136,443
136,479
136,481
136,530
136,552
136,572
136,598
136,606
136,665
136,713
136,839
136,865
136,878
136,950
136,977
137,266
138,222
139,302
139,312
139,601
139,661
139,772
139,960
140,141
140,166
140,215
140,244
140,289
140,395
140,464
140,575
140,851
141,166
141,215
141,244
141,289
141,395
141,464
141,575
141,851
142,144
142,145
142,216
142,264
142,359
142,393
142,625
142,788
143,188
143,232
143,253
143,322
143,369
143,434
143,476
143,491
143,538
143,597
143,631
143,711
143,729
143,815
143,849
143,934
143,942
143,953
143,981
144,145
144,264
144,393
144,625
144,788
145,264
145,393
145,625
145,788
146,235
146,531
146,617
147,169
147,173
147,174
147,387
147,422
147,559
147,623
147,624
147,710
147,743
147,760
147,763
147,973
148,385
148,588
148,919
149,179
149,186
149,204
149,241
149,311
149,332
149,424
149,430
149,443
149,447
149,466
149,527
149,595
149,598
149,606
149,634
149,665
149,848
149,871
149,946
149,962
150,211
150,295
150,323
150,351
150,356
150,363
150,376
150,392
150,404
150,433
150,440
150,468
150,475
150,477
150,521
150,552
150,570
150,571
150,613
150,649
150,663
150,682
150,694
150,697
150,714
150,733
150,742
150,744
150,836
150,864
150,893
150,896
150,897
150,909
150,960
150,992
150,995
151,195
151,200
151,324
151,331
151,349
151,370
151,435
151,670
151,703
151,847
151,917
151,947
152,293
152,310
152,383
152,413
152,536
153,354
153,441
153,487
154,408
154,705
154,861
155,640
155,759
155,790
155,879
156,158
156,172
156,176
156,217
156,262
156,272
156,303
156,306
156,372
156,379
156,399
156,407
156,510
156,542
156,722
157,181
157,182
157,199
157,202
157,692
158,172
158,176
158,217
158,262
158,272
158,303
158,306
158,372
158,379
158,399
158,407
158,510
158,542
158,722
159,197
159,221
159,225
159,261
159,321
159,359
159,374
159,392
159,433
159,612
159,627
159,646
159,875
159,990
160,227
160,290
160,739
160,833
161,213
161,307
161,381
161,412
161,532
161,591
161,709
162,163
162,164
162,170
162,181
162,182
162,183
162,188
162,199
162,214
162,232
162,260
162,281
162,318
162,322
162,328
162,369
162,403
162,427
162,488
162,541
162,550
162,554
162,569
162,577
162,583
162,610
162,620
162,675
162,692
162,711
162,742
162,753
162,760
162,772
162,793
162,810
162,882
162,892
162,924
162,934
162,953
163,164
163,170
163,181
163,182
163,183
163,188
163,199
163,214
163,232
163,260
163,281
163,318
163,322
163,328
163,369
163,403
163,427
163,488
163,541
163,550
163,554
163,569
163,577
163,583
163,610
163,620
163,675
163,692
163,742
163,753
163,772
163,793
163,810
163,882
163,892
163,924
164,170
164,181
164,182
164,183
164,188
164,199
164,214
164,232
164,260
164,281
164,318
164,322
164,328
164,369
164,403
164,427
164,488
164,541
164,550
164,554
164,569
164,577
164,583
164,610
164,620
164,675
164,692
164,742
164,753
164,772
164,793
164,810
164,882
164,892
164,924
165,171
165,208
165,345
165,543
165,684
165,728
165,741
165,806
166,192
166,215
166,243
166,244
166,256
166,289
166,348
166,395
166,496
166,501
166,546
166,561
166,575
166,752
166,831
166,851
166,957
166,989
167,219
167,391
167,862
168,296
168,637
168,704
169,173
169,174
169,387
169,422
169,559
169,623
169,624
169,710
169,743
169,760
169,763
169,973
170,181
170,182
170,183
170,188
170,199
170,214
170,232
170,260
170,281
170,318
170,322
170,328
170,369
170,403
170,427
170,488
170,541
170,550
170,554
170,569
170,577
170,583
170,610
170,620
170,675
170,692
170,742
170,753
170,772
170,793
170,810
170,882
170,892
170,924
171,208
171,345
171,684
171,734
171,741
171,806
171,928
172,176
172,217
172,262
172,272
172,303
172,306
172,372
172,379
172,399
172,407
172,510
172,542
172,722
173,174
173,387
173,422
173,559
173,623
173,624
173,710
173,743
173,760
173,763
173,973
174,387
174,422
174,559
174,623
174,624
174,710
174,743
174,760
174,763
174,973
175,186
175,212
175,304
175,371
175,452
175,554
175,664
175,735
175,824
175,912
176,217
176,262
176,272
176,303
176,306
176,372
176,379
176,399
176,407
176,510
176,542
176,722
177,299
177,397
177,531
177,965
178,228
178,361
178,607
178,617
178,686
178,883
179,186
179,204
179,241
179,311
179,332
179,406
179,424
179,443
179,447
179,466
179,527
179,595
179,598
179,606
179,634
179,665
179,823
179,848
179,871
179,895
179,946
179,958
179,962
180,816
181,182
181,183
181,188
181,199
181,202
181,214
181,232
181,260
181,281
181,318
181,322
181,328
181,369
181,403
181,427
181,488
181,541
181,550
181,554
181,569
181,577
181,583
181,610
181,620
181,675
181,692
181,742
181,753
181,772
181,793
181,810
181,882
181,892
181,924
182,183
182,188
182,199
182,202
182,214
182,232
182,260
182,281
182,288
182,318
182,322
182,328
182,369
182,403
182,427
182,428
182,488
182,541
182,550
182,554
182,569
182,577
182,583
182,610
182,620
182,675
182,692
182,716
182,742
182,753
182,772
182,793
182,810
182,882
182,892
182,924
183,188
183,190
183,199
183,214
183,232
183,245
183,260
183,281
183,304
183,318
183,322
183,328
183,369
183,403
183,427
183,488
183,541
183,550
183,554
183,569
183,577
183,583
183,610
183,620
183,662
183,664
183,675
183,692
183,700
183,701
183,727
183,734
183,742
183,753
183,772
183,793
183,810
183,882
183,892
183,924
184,198
184,218
184,220
184,248
184,255
184,268
184,274
184,282
184,291
184,314
184,333
184,346
184,347
184,365
184,390
184,414
184,437
184,446
184,470
184,489
184,493
184,509
184,579
184,585
184,609
184,689
184,693
184,731
184,751
184,770
184,858
184,867
184,910
184,991
184,996
185,230
185,231
185,267
185,283
185,317
185,358
185,393
185,394
185,396
185,451
185,547
185,672
185,719
185,753
185,884
185,913
185,916
185,968
186,212
186,241
186,304
186,371
186,424
186,452
186,527
186,554
186,664
186,735
186,824
186,912
186,946
186,962
187,525
188,199
188,214
188,232
188,253
188,260
188,281
188,285
188,318
188,322
188,328
188,369
188,375
188,403
188,427
188,434
188,476
188,488
188,491
188,538
188,541
188,550
188,554
188,569
188,577
188,583
188,597
188,610
188,612
188,620
188,631
188,675
188,692
188,711
188,729
188,742
188,753
188,772
188,793
188,810
188,812
188,815
188,849
188,882
188,892
188,924
188,934
188,942
188,953
188,981
188,988
189,513
189,563
189,568
189,578
189,782
189,906
189,980
190,245
190,304
190,662
190,664
190,700
190,701
190,727
190,734
190,764
190,810
191,258
191,564
192,243
192,256
192,348
192,496
192,501
192,546
192,561
192,752
192,831
192,851
192,957
192,989
194,206
194,229
194,236
194,342
194,378
194,562
194,648
194,702
194,726
194,876
194,952
195,200
195,324
195,331
195,349
195,370
195,435
195,670
195,703
195,847
195,917
195,947
196,197
196,359
196,386
196,612
196,676
196,863
197,221
197,225
197,359
197,386
197,612
197,627
197,676
197,863
197,990
198,218
198,220
198,248
198,255
198,268
198,274
198,282
198,291
198,314
198,333
198,346
198,347
198,365
198,390
198,414
198,437
198,446
198,470
198,489
198,493
198,509
198,579
198,585
198,609
198,689
198,693
198,731
198,751
198,770
198,858
198,867
198,910
198,991
198,996
199,202
199,214
199,232
199,260
199,281
199,318
199,322
199,328
199,369
199,403
199,427
199,488
199,541
199,550
199,554
199,569
199,577
199,583
199,610
199,620
199,675
199,692
199,742
199,753
199,772
199,793
199,810
199,882
199,892
199,924
200,324
200,331
200,349
200,370
200,435
200,670
200,703
200,847
200,917
200,947
201,224
201,247
201,248
201,305
201,338
201,347
201,609
201,641
201,659
201,689
201,728
201,731
201,769
201,770
201,996
202,251
202,439
202,494
202,518
202,558
202,627
202,638
202,643
202,688
202,692
202,720
202,771
202,778
202,803
202,811
202,825
202,885
202,899
202,983
204,241
204,311
204,332
204,367
204,424
204,443
204,447
204,466
204,527
204,595
204,598
204,606
204,634
204,665
204,848
204,871
204,946
204,962
205,315
205,317
205,719
206,229
206,236
206,342
206,361
206,378
206,404
206,439
206,503
206,562
206,648
206,702
206,724
206,726
206,874
206,876
206,896
206,952
207,286
207,298
208,266
208,345
208,684
208,741
208,806
208,814
209,242
210,237
210,239
210,278
210,416
210,448
210,502
210,512
210,551
210,553
210,576
210,596
210,599
210,602
210,639
210,654
210,656
210,660
210,708
210,740
210,826
210,832
210,900
210,914
210,954
210,956
210,972
210,993
211,295
211,323
211,351
211,356
211,363
211,376
211,392
211,404
211,433
211,440
211,468
211,475
211,477
211,521
211,552
211,570
211,571
211,613
211,649
211,663
211,682
211,694
211,697
211,714
211,733
211,742
211,744
211,836
211,864
211,893
211,896
211,897
211,909
211,960
211,992
211,995
212,219
212,304
212,371
212,452
212,572
212,664
212,735
212,765
212,777
212,818
212,824
212,912
213,307
213,381
213,412
213,532
213,591
213,709
214,232
214,260
214,281
214,318
214,322
214,328
214,369
214,403
214,427
214,488
214,541
214,550
214,554
214,569
214,577
214,583
214,610
214,620
214,675
214,692
214,742
214,753
214,772
214,793
214,810
214,882
214,892
214,924
215,244
215,289
215,395
215,423
215,575
215,687
215,851
216,250
216,266
216,352
216,359
216,481
216,552
216,713
216,977
217,262
217,272
217,303
217,306
217,372
217,379
217,399
217,407
217,510
217,542
217,722
218,220
218,255
218,268
218,274
218,282
218,333
218,346
218,365
218,390
218,414
218,437
218,446
218,489
218,509
218,579
218,585
218,693
218,751
218,867
218,910
218,991
219,391
219,572
219,765
219,777
219,806
219,810
219,814
219,818
219,862
220,255
220,268
220,274
220,282
220,333
220,346
220,365
220,390
220,414
220,437
220,446
220,489
220,509
220,579
220,585
220,693
220,751
220,867
220,910
220,991
221,225
221,261
221,321
221,359
221,374
221,392
221,433
221,612
221,627
221,646
221,875
221,990
223,353
223,825
224,247
224,248
224,305
224,338
224,347
224,609
224,641
224,659
224,689
224,728
224,731
224,769
224,770
224,996
225,359
225,432
225,472
225,612
225,627
225,990
226,406
226,661
226,959
227,290
227,739
227,833
228,361
228,607
228,617
228,686
228,883
229,236
229,342
229,361
229,378
229,404
229,439
229,503
229,562
229,648
229,702
229,724
229,726
229,874
229,876
229,896
229,952
230,231
230,250
230,267
230,283
230,317
230,358
230,394
230,396
230,451
230,547
230,672
230,719
230,753
230,884
230,913
230,916
230,968
231,267
231,283
231,317
231,358
231,394
231,396
231,451
231,547
231,672
231,719
231,753
231,884
231,913
231,916
231,968
232,253
232,260
232,281
232,285
232,318
232,322
232,328
232,369
232,375
232,403
232,427
232,434
232,476
232,488
232,491
232,538
232,541
232,550
232,554
232,569
232,577
232,583
232,597
232,610
232,612
232,620
232,631
232,675
232,692
232,711
232,729
232,742
232,753
232,772
232,793
232,810
232,812
232,815
232,849
232,882
232,892
232,924
232,934
232,942
232,953
232,981
232,988
233,355
233,604
233,801
233,864
235,531
235,617
236,342
236,361
236,378
236,404
236,439
236,503
236,562
236,648
236,702
236,724
236,726
236,874
236,876
236,896
236,952
237,239
237,278
237,333
237,416
237,448
237,502
237,512
237,551
237,553
237,576
237,587
237,596
237,599
237,602
237,639
237,654
237,656
237,660
237,708
237,740
237,826
237,832
237,900
237,914
237,954
237,956
237,972
237,993
239,278
239,416
239,448
239,502
239,512
239,551
239,553
239,576
239,596
239,599
239,602
239,639
239,654
239,656
239,660
239,708
239,740
239,826
239,832
239,900
239,914
239,954
239,956
239,972
239,993
240,366
240,823
240,979
241,311
241,332
241,424
241,443
241,447
241,466
241,527
241,595
241,598
241,606
241,634
241,665
241,773
241,848
241,871
241,911
241,946
241,962
242,337
242,436
242,484
242,491
242,575
242,698
242,815
242,849
243,256
243,348
243,496
243,501
243,546
243,561
243,752
243,831
243,851
243,957
243,989
244,289
244,395
244,423
244,575
244,687
244,851
245,304
245,662
245,664
245,700
245,701
245,727
245,734
247,248
247,305
247,338
247,347
247,609
247,641
247,659
247,689
247,728
247,731
247,769
247,770
247,996
248,268
248,282
248,291
248,314
248,333
248,338
248,346
248,347
248,365
248,390
248,437
248,470
248,493
248,579
248,585
248,592
248,609
248,641
248,689
248,693
248,728
248,731
248,769
248,770
248,858
248,867
248,991
248,996
249,306
249,309
249,399
249,442
249,503
249,542
249,722
250,266
250,352
250,451
250,481
250,508
250,547
250,552
250,597
250,631
250,713
250,977
251,439
251,494
251,518
251,558
251,627
251,638
251,643
251,679
251,688
251,720
251,771
251,778
251,791
251,803
251,811
251,825
251,885
251,899
251,983
252,589
253,322
253,369
253,434
253,476
253,491
253,538
253,597
253,631
253,711
253,729
253,815
253,849
253,934
253,942
253,953
253,981
254,799
254,819
254,927
254,994
255,268
255,274
255,282
255,333
255,346
255,365
255,390
255,414
255,437
255,446
255,489
255,509
255,579
255,585
255,693
255,751
255,867
255,910
255,991
256,348
256,496
256,501
256,546
256,561
256,752
256,831
256,851
256,957
256,989
258,564
259,574
260,281
260,318
260,322
260,328
260,369
260,403
260,427
260,488
260,541
260,550
260,554
260,569
260,577
260,583
260,610
260,620
260,675
260,692
260,742
260,753
260,772
260,793
260,810
260,882
260,892
260,924
261,321
261,374
261,392
261,433
261,646
261,875
262,272
262,303
262,306
262,372
262,379
262,399
262,407
262,510
262,542
262,722
263,292
263,301
263,316
263,943
264,393
264,625
264,788
266,352
266,481
266,552
266,713
266,977
267,283
267,317
267,358
267,394
267,396
267,451
267,547
267,573
267,672
267,717
267,719
267,753
267,884
267,902
267,913
267,916
267,968
268,274
268,282
268,291
268,314
268,333
268,346
268,347
268,365
268,390
268,414
268,437
268,446
268,470
268,489
268,493
268,509
268,579
268,585
268,609
268,689
268,693
268,731
268,751
268,770
268,858
268,867
268,910
268,991
268,996
271,343
271,411
271,930
272,303
272,306
272,372
272,379
272,399
272,407
272,510
272,542
272,722
273,284
273,479
273,530
273,572
273,839
273,865
273,878
273,950
274,282
274,333
274,346
274,365
274,390
274,414
274,437
274,446
274,489
274,509
274,579
274,585
274,693
274,751
274,867
274,910
274,991
275,713
277,725
278,390
278,416
278,448
278,502
278,512
278,551
278,553
278,576
278,596
278,599
278,602
278,639
278,654
278,656
278,660
278,708
278,740
278,826
278,832
278,900
278,914
278,954
278,956
278,972
278,993
279,417
279,557
279,691
279,881
279,901
280,657
281,318
281,322
281,328
281,369
281,403
281,427
281,488
281,506
281,522
281,541
281,550
281,554
281,569
281,577
281,583
281,610
281,620
281,647
281,675
281,685
281,692
281,742
281,753
281,772
281,793
281,810
281,882
281,892
281,924
282,291
282,314
282,333
282,346
282,347
282,365
282,390
282,414
282,437
282,446
282,470
282,489
282,493
282,509
282,579
282,585
282,609
282,689
282,693
282,731
282,751
282,770
282,858
282,867
282,910
282,991
282,996
283,317
283,358
283,394
283,396
283,451
283,547
283,672
283,719
283,753
283,884
283,913
283,916
283,968
284,479
284,530
284,572
284,839
284,865
284,878
284,950
285,322
285,369
285,375
285,612
285,812
285,934
285,988
286,298
287,789
287,796
287,935
288,428
288,630
288,716
288,860
289,395
289,423
289,575
289,687
289,851
290,739
290,833
291,314
291,333
291,346
291,347
291,365
291,390
291,437
291,470
291,493
291,579
291,585
291,609
291,689
291,693
291,731
291,770
291,858
291,867
291,991
291,996
292,301
292,316
292,943
293,310
293,383
293,413
293,536
294,380
294,456
294,471
294,723
294,761
294,780
294,852
295,351
295,356
295,363
295,376
295,404
295,440
295,468
295,475
295,477
295,521
295,552
295,570
295,571
295,649
295,694
295,697
295,733
295,744
295,864
295,893
295,896
295,897
295,909
295,960
295,992
295,995
296,637
296,704
297,495
297,523
297,766
297,905
299,397
299,531
299,939
299,965
300,368
300,647
300,685
300,782
300,830
300,975
301,316
301,626
301,943
302,312
302,601
302,772
303,306
303,372
303,379
303,399
303,407
303,510
303,542
303,722
304,371
304,452
304,554
304,662
304,664
304,700
304,701
304,727
304,734
304,735
304,824
304,912
305,338
305,659
305,688
305,769
306,372
306,379
306,399
306,407
306,442
306,510
306,542
306,722
306,957
306,964
306,989
307,381
307,412
307,464
307,532
307,591
307,608
307,698
307,709
309,442
309,503
310,383
310,413
310,536
311,332
311,424
311,443
311,447
311,466
311,527
311,595
311,598
311,606
311,634
311,665
311,848
311,871
311,946
311,962
312,601
312,772
313,465
313,530
313,580
313,587
313,618
313,619
313,653
313,673
313,767
313,784
313,813
313,817
313,829
313,865
313,920
313,955
314,333
314,346
314,347
314,365
314,390
314,437
314,470
314,493
314,579
314,585
314,609
314,689
314,693
314,731
314,770
314,858
314,867
314,991
314,996
316,943
317,358
317,394
317,396
317,451
317,547
317,672
317,719
317,723
317,753
317,780
317,837
317,884
317,913
317,916
317,968
318,322
318,328
318,369
318,403
318,427
318,488
318,506
318,541
318,550
318,554
318,569
318,577
318,583
318,610
318,620
318,675
318,692
318,742
318,753
318,762
318,772
318,793
318,810
318,882
318,891
318,892
318,924
319,561
321,374
321,392
321,433
321,646
321,875
322,328
322,369
322,375
322,403
322,427
322,434
322,476
322,488
322,491
322,538
322,541
322,550
322,554
322,569
322,577
322,583
322,597
322,610
322,612
322,620
322,631
322,675
322,692
322,711
322,729
322,731
322,742
322,753
322,772
322,793
322,810
322,812
322,815
322,849
322,882
322,892
322,924
322,934
322,942
322,953
322,981
322,988
323,361
323,363
323,392
323,433
323,552
323,571
323,573
323,613
323,649
323,650
323,663
323,682
323,714
323,836
323,896
323,909
323,988
324,331
324,349
324,370
324,435
324,670
324,703
324,847
324,917
324,947
325,402
325,535
325,586
325,593
325,902
326,425
326,526
326,674
326,690
326,715
326,758
326,792
326,820
326,828
326,937
326,948
326,966
327,453
327,469
327,521
327,628
327,694
327,729
327,746
327,888
327,889
327,893
327,944
328,369
328,403
328,427
328,488
328,541
328,550
328,554
328,569
328,577
328,583
328,610
328,620
328,675
328,692
328,697
328,707
328,742
328,753
328,772
328,793
328,810
328,882
328,892
328,924
329,582
329,613
329,663
329,843
329,844
331,349
331,370
331,435
331,670
331,703
331,847
331,917
331,947
332,424
332,443
332,447
332,466
332,527
332,595
332,598
332,606
332,634
332,665
332,712
332,848
332,850
332,871
332,946
332,962
333,346
333,347
333,365
333,390
333,414
333,437
333,446
333,470
333,489
333,493
333,509
333,579
333,585
333,587
333,609
333,689
333,693
333,731
333,751
333,770
333,858
333,867
333,910
333,991
333,996
334,543
334,600
334,814
335,364
335,384
335,529
335,846
337,436
337,484
337,491
337,575
337,698
337,815
337,849
338,347
338,609
338,641
338,659
338,689
338,728
338,731
338,769
338,770
338,996
339,431
339,464
339,572
339,583
339,622
339,666
339,723
339,961
341,481
341,822
342,378
342,562
342,648
342,702
342,726
342,876
342,924
342,952
343,411
343,930
344,533
344,925
345,684
345,741
345,806
346,347
346,365
346,390
346,414
346,437
346,446
346,470
346,489
346,493
346,509
346,579
346,585
346,609
346,689
346,693
346,731
346,751
346,770
346,858
346,867
346,910
346,991
346,996
347,365
347,390
347,437
347,470
347,493
347,579
347,585
347,609
347,641
347,668
347,689
347,693
347,728
347,731
347,769
347,770
347,858
347,867
347,991
347,996
348,496
348,501
348,546
348,561
348,752
348,831
348,851
348,957
348,989
349,370
349,435
349,670
349,703
349,847
349,917
349,947
350,461
350,566
350,630
350,749
350,805
350,835
350,860
350,873
350,984
351,356
351,363
351,376
351,404
351,440
351,468
351,475
351,477
351,521
351,552
351,570
351,571
351,649
351,694
351,697
351,733
351,744
351,864
351,893
351,896
351,897
351,909
351,960
351,992
351,995
352,481
352,552
352,713
352,977
353,584
354,441
354,487
356,363
356,376
356,404
356,440
356,468
356,475
356,477
356,521
356,552
356,570
356,571
356,649
356,694
356,697
356,733
356,744
356,864
356,893
356,896
356,897
356,909
356,960
356,992
356,995
357,395
357,421
357,463
357,482
357,514
357,520
357,526
357,978
358,394
358,396
358,451
358,547
358,672
358,719
358,753
358,884
358,913
358,916
358,968
359,386
359,612
359,627
359,676
359,863
359,990
361,404
361,439
361,503
361,573
361,607
361,617
361,650
361,686
361,702
361,714
361,883
361,896
361,909
361,988
362,401
362,418
362,677
362,837
363,376
363,392
363,404
363,433
363,440
363,468
363,475
363,477
363,521
363,552
363,570
363,571
363,613
363,649
363,663
363,682
363,694
363,697
363,714
363,733
363,744
363,836
363,864
363,893
363,896
363,897
363,909
363,960
363,992
363,995
364,384
364,529
364,846
365,390
365,414
365,437
365,446
365,470
365,489
365,493
365,509
365,579
365,585
365,609
365,689
365,693
365,731
365,751
365,770
365,858
365,867
365,910
365,991
365,996
366,823
366,979
368,647
368,685
368,782
368,830
368,975
369,375
369,403
369,427
369,434
369,476
369,488
369,491
369,538
369,541
369,550
369,554
369,569
369,577
369,583
369,597
369,610
369,612
369,620
369,631
369,675
369,692
369,711
369,729
369,742
369,753
369,772
369,793
369,810
369,812
369,815
369,849
369,882
369,892
369,924
369,934
369,942
369,953
369,981
369,988
370,435
370,670
370,703
370,847
370,917
370,947
371,452
371,554
371,612
371,664
371,735
371,824
371,912
371,988
372,379
372,399
372,407
372,510
372,542
372,722
373,455
374,392
374,433
374,646
374,875
375,612
375,812
375,934
375,988
376,404
376,440
376,468
376,475
376,477
376,521
376,552
376,570
376,571
376,574
376,643
376,649
376,683
376,694
376,697
376,733
376,744
376,864
376,893
376,896
376,897
376,909
376,960
376,992
376,995
377,473
377,787
378,562
378,648
378,702
378,726
378,876
378,924
378,952
379,399
379,407
379,510
379,542
379,722
380,456
380,471
380,723
380,761
380,780
380,852
381,412
381,532
381,591
381,709
382,450
382,695
382,768
383,413
383,536
384,529
384,846
385,588
385,919
386,612
386,676
386,863
387,422
387,559
387,623
387,624
387,710
387,743
387,760
387,763
387,973
388,438
389,480
390,414
390,437
390,446
390,470
390,489
390,493
390,509
390,579
390,585
390,609
390,689
390,693
390,731
390,751
390,770
390,858
390,867
390,910
390,991
390,996
391,862
392,433
392,552
392,571
392,613
392,646
392,649
392,663
392,682
392,714
392,836
392,875
392,896
393,520
393,625
393,788
394,396
394,451
394,547
394,672
394,719
394,753
394,884
394,913
394,916
394,968
395,421
395,526
395,575
395,851
395,978
396,451
396,547
396,672
396,719
396,753
396,884
396,913
396,916
396,965
396,968
397,531
397,965
398,679
398,791
399,407
399,442
399,510
399,542
399,722
399,957
399,964
399,989
400,421
400,463
400,593
400,747
401,418
401,677
402,535
402,586
402,593
402,902
403,427
403,488
403,541
403,550
403,554
403,569
403,577
403,583
403,605
403,610
403,620
403,675
403,692
403,742
403,746
403,753
403,772
403,792
403,793
403,810
403,821
403,882
403,892
403,894
403,924
403,971
404,439
404,440
404,468
404,475
404,477
404,503
404,521
404,552
404,570
404,571
404,574
404,649
404,651
404,683
404,694
404,697
404,702
404,733
404,744
404,864
404,893
404,896
404,897
404,909
404,960
404,992
404,995
405,898
406,823
406,895
406,958
406,977
407,510
407,542
407,722
408,705
408,861
409,584
411,930
412,532
412,591
412,709
413,536
414,437
414,446
414,489
414,509
414,579
414,585
414,693
414,751
414,867
414,910
414,991
415,545
416,448
416,502
416,512
416,551
416,553
416,576
416,596
416,599
416,602
416,639
416,654
416,656
416,660
416,708
416,740
416,826
416,832
416,900
416,914
416,954
416,956
416,972
416,993
417,557
417,691
417,881
417,901
418,677
421,463
421,482
421,514
421,520
421,526
421,593
421,747
421,978
422,559
422,623
422,624
422,636
422,710
422,743
422,760
422,763
422,973
423,464
423,575
423,687
424,443
424,447
424,466
424,527
424,595
424,598
424,606
424,634
424,665
424,848
424,871
424,946
424,962
425,674
425,690
425,715
425,758
425,792
425,820
425,828
425,948
426,850
427,488
427,541
427,550
427,554
427,569
427,577
427,583
427,610
427,620
427,675
427,692
427,742
427,753
427,772
427,793
427,810
427,882
427,892
427,924
428,630
428,716
428,860
430,626
430,940
431,521
431,667
431,694
431,893
431,961
432,472
433,552
433,571
433,613
433,646
433,649
433,663
433,682
433,714
433,836
433,875
433,896
434,476
434,491
434,538
434,597
434,631
434,711
434,729
434,815
434,849
434,934
434,942
434,953
434,981
435,670
435,703
435,847
435,917
435,947
436,484
436,491
436,575
436,626
436,698
436,815
436,849
437,446
437,470
437,489
437,493
437,509
437,579
437,585
437,609
437,689
437,693
437,731
437,751
437,770
437,858
437,867
437,910
437,991
437,996
439,494
439,495
439,503
439,518
439,523
439,558
439,627
439,638
439,643
439,679
439,688
439,702
439,720
439,771
439,778
439,791
439,803
439,811
439,825
439,856
439,885
439,896
439,899
439,905
439,944
439,983
440,468
440,475
440,477
440,521
440,552
440,570
440,571
440,574
440,649
440,683
440,694
440,697
440,733
440,744
440,808
440,857
440,864
440,893
440,896
440,897
440,909
440,960
440,992
440,995
441,487
442,503
442,542
442,722
443,447
443,466
443,527
443,595
443,598
443,606
443,634
443,665
443,848
443,871
443,946
443,962
445,454
445,485
446,489
446,509
446,579
446,585
446,693
446,751
446,867
446,910
446,991
447,466
447,527
447,595
447,598
447,606
447,634
447,665
447,848
447,871
447,946
447,962
448,502
448,512
448,551
448,553
448,576
448,596
448,599
448,602
448,639
448,654
448,656
448,660
448,708
448,740
448,826
448,832
448,900
448,914
448,920
448,954
448,956
448,972
448,993
450,695
450,768
451,547
451,672
451,719
451,753
451,790
451,884
451,913
451,916
451,968
452,554
452,664
452,735
452,824
452,912
453,469
453,628
453,746
453,888
453,944
454,485
456,471
456,723
456,761
456,780
456,852
457,764
458,539
458,611
458,732
459,821
459,926
460,524
461,566
461,630
461,749
461,805
461,835
461,860
461,873
461,984
463,482
463,514
463,520
463,526
463,592
463,593
463,668
463,747
464,583
464,608
464,687
464,698
464,723
465,530
465,580
465,587
465,618
465,619
465,653
465,673
465,767
465,784
465,813
465,817
465,829
465,865
465,920
465,955
466,527
466,595
466,598
466,606
466,634
466,665
466,848
466,871
466,946
466,962
467,589
468,475
468,477
468,521
468,552
468,570
468,571
468,649
468,694
468,697
468,733
468,744
468,864
468,893
468,896
468,897
468,909
468,960
468,992
468,995
469,628
469,746
469,888
469,944
470,493
470,579
470,585
470,609
470,689
470,693
470,731
470,770
470,858
470,867
470,991
470,996
471,723
471,780
471,852
472,519
473,787
474,537
474,671
474,786
474,804
474,990
475,477
475,521
475,552
475,570
475,571
475,649
475,694
475,697
475,733
475,744
475,864
475,893
475,896
475,897
475,909
475,960
475,992
475,995
476,491
476,538
476,568
476,597
476,631
476,682
476,711
476,729
476,815
476,836
476,849
476,934
476,942
476,953
476,981
477,521
477,552
477,570
477,571
477,649
477,694
477,697
477,733
477,744
477,859
477,864
477,893
477,896
477,897
477,909
477,960
477,974
477,992
477,995
479,530
479,572
479,839
479,865
479,878
479,950
481,552
481,713
481,822
481,977
482,514
482,520
482,526
482,554
482,592
482,668
482,840
482,880
483,929
484,491
484,575
484,698
484,815
484,849
488,506
488,522
488,541
488,550
488,554
488,569
488,577
488,583
488,610
488,620
488,647
488,675
488,685
488,692
488,742
488,753
488,772
488,793
488,810
488,882
488,892
488,924
489,509
489,579
489,585
489,693
489,751
489,867
489,910
489,991
491,538
491,575
491,597
491,631
491,640
491,698
491,711
491,729
491,815
491,849
491,934
491,942
491,953
491,981
492,675
492,745
492,842
493,579
493,585
493,609
493,689
493,693
493,731
493,770
493,858
493,867
493,991
493,996
494,518
494,558
494,627
494,638
494,643
494,679
494,688
494,720
494,771
494,778
494,791
494,803
494,811
494,825
494,885
494,899
494,983
495,518
495,523
495,720
495,766
495,771
495,856
495,905
495,944
496,501
496,546
496,561
496,752
496,831
496,851
496,957
496,989
497,644
497,669
498,748
499,519
501,546
501,561
501,752
501,831
501,851
501,957
501,989
502,512
502,551
502,553
502,576
502,596
502,599
502,602
502,639
502,654
502,656
502,660
502,708
502,740
502,826
502,832
502,900
502,914
502,954
502,956
502,972
502,993
503,702
503,896
504,528
504,549
504,560
504,614
504,774
504,840
504,877
504,880
504,904
506,522
506,762
506,891
507,540
507,561
507,887
508,597
508,631
509,579
509,585
509,693
509,751
509,867
509,910
509,991
510,542
510,722
511,721
511,855
511,986
512,551
512,553
512,576
512,596
512,599
512,602
512,639
512,654
512,656
512,660
512,708
512,740
512,826
512,832
512,900
512,914
512,954
512,956
512,972
512,993
513,563
513,568
513,578
513,906
514,520
514,526
514,554
514,592
514,668
514,840
514,880
515,544
515,945
515,977
516,783
516,988
517,629
518,523
518,558
518,627
518,638
518,643
518,679
518,688
518,720
518,771
518,778
518,791
518,803
518,811
518,825
518,856
518,885
518,899
518,905
518,944
518,983
520,526
520,592
520,668
521,552
521,570
521,571
521,649
521,667
521,694
521,697
521,729
521,733
521,744
521,864
521,889
521,893
521,896
521,897
521,909
521,960
521,992
521,995
522,647
522,685
522,924
523,720
523,766
523,771
523,856
523,905
523,944
526,674
526,690
526,828
526,937
526,966
526,978
527,595
527,598
527,606
527,634
527,665
527,848
527,871
527,946
527,962
528,549
528,552
528,560
528,614
528,774
528,840
528,877
528,880
528,904
529,846
530,572
530,580
530,587
530,618
530,619
530,653
530,673
530,767
530,784
530,813
530,817
530,829
530,839
530,865
530,920
530,955
531,617
531,965
532,591
532,709
533,925
535,586
535,593
535,798
535,902
537,671
537,786
537,804
537,990
538,597
538,631
538,711
538,729
538,815
538,849
538,934
538,938
538,942
538,953
538,981
539,611
539,732
541,550
541,554
541,569
541,577
541,583
541,610
541,620
541,675
541,692
541,742
541,753
541,772
541,793
541,810
541,882
541,892
541,924
542,722
542,957
542,964
542,989
543,600
543,728
543,814
544,945
544,977
546,561
546,752
546,831
546,851
546,957
546,989
547,672
547,719
547,753
547,884
547,913
547,916
547,968
549,560
549,614
549,774
549,840
549,877
549,880
549,904
550,554
550,569
550,577
550,583
550,605
550,610
550,620
550,675
550,692
550,742
550,746
550,753
550,772
550,792
550,793
550,810
550,821
550,882
550,892
550,894
550,924
550,971
551,553
551,576
551,596
551,599
551,602
551,639
551,654
551,656
551,660
551,708
551,740
551,826
551,832
551,900
551,914
551,954
551,956
551,972
551,993
552,570
552,571
552,574
552,613
552,649
552,663
552,682
552,683
552,694
552,697
552,713
552,714
552,733
552,744
552,836
552,864
552,893
552,896
552,897
552,909
552,960
552,977
552,992
552,995
553,576
553,596
553,599
553,602
553,639
553,654
553,656
553,660
553,708
553,740
553,826
553,832
553,900
553,914
553,954
553,956
553,972
553,993
554,569
554,577
554,583
554,592
554,610
554,620
554,664
554,675
554,692
554,735
554,742
554,753
554,772
554,793
554,810
554,823
554,824
554,840
554,880
554,882
554,892
554,912
554,924
555,797
556,853
557,691
557,881
557,901
558,627
558,638
558,643
558,679
558,688
558,720
558,771
558,778
558,791
558,803
558,811
558,825
558,885
558,899
558,983
559,623
559,624
559,710
559,743
559,760
559,763
559,973
560,614
560,774
560,840
560,877
560,880
560,904
561,752
561,831
561,851
561,887
561,957
561,989
562,648
562,702
562,726
562,876
562,924
562,952
563,568
563,578
563,906
566,630
566,749
566,805
566,835
566,860
566,873
566,984
567,667
568,578
568,682
568,836
568,906
569,577
569,583
569,610
569,620
569,675
569,692
569,742
569,753
569,772
569,793
569,810
569,882
569,892
569,924
570,571
570,649
570,684
570,694
570,697
570,733
570,744
570,864
570,893
570,896
570,897
570,909
570,960
570,992
570,995
571,613
571,649
571,663
571,682
571,694
571,697
571,714
571,733
571,742
571,744
571,836
571,864
571,893
571,896
571,897
571,909
571,960
571,992
571,995
572,622
572,666
572,765
572,777
572,818
572,839
572,865
572,961
573,650
573,714
573,717
573,902
573,909
573,988
574,683
574,896
574,897
574,960
575,687
575,698
575,815
575,849
575,851
576,596
576,599
576,602
576,639
576,654
576,656
576,660
576,708
576,740
576,826
576,832
576,900
576,914
576,954
576,956
576,972
576,993
577,583
577,610
577,620
577,675
577,692
577,742
577,753
577,772
577,793
577,810
577,882
577,892
577,924
578,906
579,585
579,609
579,689
579,693
579,731
579,751
579,770
579,858
579,867
579,910
579,991
579,996
580,587
580,618
580,619
580,653
580,673
580,767
580,784
580,813
580,817
580,829
580,865
580,920
580,955
582,613
582,663
582,843
582,844
583,610
583,620
583,675
583,692
583,723
583,742
583,753
583,772
583,793
583,810
583,882
583,892
583,924
585,609
585,689
585,693
585,731
585,751
585,770
585,858
585,867
585,910
585,991
585,996
586,593
586,902
587,618
587,619
587,653
587,673
587,767
587,784
587,813
587,817
587,829
587,865
587,920
587,955
588,919
590,794
591,709
592,668
592,840
592,880
593,747
593,902
595,598
595,606
595,634
595,646
595,665
595,848
595,871
595,875
595,946
595,962
596,599
596,602
596,639
596,654
596,656
596,660
596,708
596,740
596,826
596,832
596,900
596,914
596,954
596,956
596,972
596,993
597,631
597,711
597,729
597,815
597,849
597,934
597,942
597,953
597,981
598,606
598,634
598,665
598,848
598,871
598,946
598,962
599,602
599,639
599,654
599,656
599,660
599,708
599,740
599,826
599,832
599,900
599,914
599,954
599,956
599,972
599,993
600,814
601,772
602,639
602,654
602,656
602,660
602,708
602,740
602,826
602,832
602,900
602,914
602,954
602,956
602,972
602,993
603,949
604,801
604,864
605,610
605,620
605,746
605,792
605,793
605,821
605,892
605,894
605,971
606,634
606,665
606,848
606,871
606,946
606,962
607,617
607,686
607,883
608,614
608,698
609,641
609,689
609,693
609,728
609,731
609,769
609,770
609,858
609,867
609,991
609,996
610,620
610,675
610,692
610,742
610,746
610,753
610,772
610,792
610,793
610,810
610,821
610,882
610,892
610,894
610,924
610,971
611,732
612,627
612,676
612,812
612,863
612,934
612,988
612,990
613,649
613,663
613,682
613,714
613,836
613,843
613,844
613,896
614,774
614,840
614,877
614,880
614,904
617,686
617,883
617,946
618,619
618,653
618,673
618,767
618,784
618,813
618,817
618,829
618,865
618,920
618,955
619,653
619,673
619,767
619,784
619,813
619,817
619,829
619,865
619,920
619,955
620,675
620,692
620,742
620,746
620,753
620,772
620,792
620,793
620,810
620,821
620,882
620,892
620,894
620,924
620,971
622,666
622,961
623,624
623,710
623,743
623,760
623,763
623,973
624,710
624,743
624,760
624,763
624,973
625,788
626,940
627,638
627,643
627,679
627,688
627,720
627,771
627,778
627,791
627,803
627,811
627,825
627,885
627,899
627,983
627,990
628,746
628,888
628,944
630,749
630,805
630,835
630,860
630,873
630,984
631,711
631,729
631,815
631,849
631,934
631,942
631,953
631,981
632,712
634,665
634,848
634,871
634,946
634,962
635,738
637,704
638,643
638,679
638,688
638,720
638,771
638,778
638,791
638,803
638,811
638,825
638,885
638,899
638,983
639,654
639,656
639,660
639,708
639,740
639,826
639,832
639,900
639,914
639,954
639,956
639,972
639,993
640,759
640,790
640,879
641,689
641,728
641,731
641,769
641,770
641,996
642,795
643,679
643,688
643,720
643,771
643,778
643,791
643,803
643,811
643,825
643,885
643,899
643,983
644,669
645,886
646,875
647,685
647,782
647,830
647,924
647,975
648,702
648,726
648,876
648,952
649,663
649,682
649,694
649,697
649,714
649,733
649,742
649,744
649,836
649,864
649,893
649,896
649,897
649,909
649,960
649,992
649,995
650,714
650,909
650,988
653,673
653,767
653,784
653,813
653,817
653,829
653,865
653,920
653,955
654,656
654,660
654,708
654,740
654,826
654,832
654,900
654,914
654,954
654,956
654,972
654,993
655,802
655,903
656,660
656,708
656,740
656,826
656,832
656,900
656,914
656,954
656,956
656,972
656,993
658,807
658,988
659,688
659,769
660,708
660,740
660,826
660,832
660,900
660,914
660,954
660,956
660,972
660,993
661,712
661,959
661,960
662,664
662,700
662,701
662,727
662,734
662,764
662,810
663,682
663,714
663,836
663,843
663,844
663,896
664,700
664,701
664,727
664,734
664,735
664,824
664,912
665,737
665,848
665,871
665,946
665,962
666,961
667,694
667,893
670,703
670,847
670,917
670,947
671,786
671,804
671,990
672,719
672,753
672,884
672,913
672,916
672,965
672,968
673,767
673,784
673,813
673,817
673,829
673,865
673,920
673,955
674,690
674,715
674,758
674,792
674,820
674,828
674,937
674,948
674,966
675,692
675,742
675,745
675,753
675,772
675,793
675,810
675,842
675,882
675,892
675,924
676,863
679,688
679,720
679,730
679,771
679,778
679,791
679,803
679,811
679,825
679,885
679,899
679,908
679,970
680,922
681,706
682,714
682,836
682,896
683,896
683,897
683,960
684,741
684,806
685,782
685,830
685,924
685,975
686,883
688,720
688,771
688,778
688,791
688,803
688,811
688,825
688,885
688,899
688,983
689,693
689,728
689,731
689,769
689,770
689,858
689,867
689,991
689,996
690,715
690,758
690,792
690,820
690,828
690,937
690,948
690,966
691,881
691,901
692,742
692,753
692,772
692,793
692,810
692,882
692,892
692,924
693,731
693,751
693,770
693,858
693,867
693,910
693,991
693,996
694,697
694,729
694,733
694,744
694,864
694,889
694,893
694,896
694,897
694,909
694,960
694,992
694,995
695,768
697,707
697,733
697,744
697,864
697,893
697,896
697,897
697,909
697,960
697,992
697,995
698,815
698,849
700,701
700,727
700,734
700,810
700,941
701,727
701,734
702,724
702,726
702,874
702,876
702,896
702,952
703,847
703,917
703,947
705,861
708,740
708,826
708,832
708,900
708,914
708,954
708,956
708,972
708,993
710,743
710,760
710,763
710,973
711,729
711,760
711,815
711,849
711,934
711,942
711,953
711,981
712,850
713,977
714,836
714,896
714,909
714,988
715,758
715,792
715,820
715,828
715,948
717,902
719,723
719,753
719,780
719,837
719,884
719,913
719,916
719,968
720,771
720,778
720,791
720,803
720,811
720,825
720,856
720,885
720,899
720,905
720,944
720,983
721,855
721,986
722,957
722,964
722,989
723,780
723,837
723,852
724,951
726,876
726,952
727,734
728,731
728,769
728,770
728,996
729,815
729,849
729,889
729,893
729,934
729,942
729,953
729,981
730,888
730,908
730,970
731,769
731,770
731,858
731,867
731,991
731,996
733,744
733,864
733,893
733,896
733,897
733,909
733,960
733,992
733,995
734,764
734,928
735,824
735,912
736,987
739,833
740,826
740,832
740,900
740,914
740,954
740,956
740,972
740,993
741,806
742,753
742,772
742,793
742,810
742,882
742,892
742,924
743,760
743,763
743,973
744,864
744,893
744,896
744,897
744,909
744,960
744,992
744,995
745,842
746,792
746,793
746,821
746,888
746,892
746,894
746,944
746,971
749,805
749,835
749,860
749,873
749,984
751,867
751,910
751,991
752,831
752,851
752,957
752,989
753,772
753,793
753,810
753,882
753,884
753,892
753,913
753,916
753,924
753,968
756,845
756,910
756,956
756,993
758,792
758,820
758,828
758,948
759,790
759,879
760,763
760,934
760,953
760,973
762,891
763,973
765,777
765,818
766,905
767,784
767,813
767,817
767,829
767,865
767,920
767,955
769,770
769,996
770,858
770,867
770,991
770,996
771,778
771,791
771,803
771,811
771,825
771,856
771,885
771,899
771,905
771,944
771,983
772,793
772,810
772,882
772,892
772,924
773,911
774,840
774,877
774,880
774,904
777,818
777,906
778,791
778,803
778,811
778,825
778,885
778,899
778,983
780,837
780,852
782,830
782,975
783,988
784,813
784,817
784,829
784,865
784,920
784,955
786,804
786,990
789,796
789,935
790,879
791,803
791,811
791,825
791,885
791,899
792,793
792,820
792,821
792,828
792,892
792,894
792,948
792,971
793,810
793,821
793,882
793,892
793,894
793,924
793,971
796,935
799,819
799,927
799,994
800,976
801,864
801,931
801,959
802,903
803,811
803,825
803,885
803,899
803,983
804,990
805,835
805,860
805,873
805,984
806,810
806,814
807,988
808,857
810,814
810,882
810,892
810,924
811,825
811,885
811,899
811,983
812,934
812,988
813,817
813,829
813,865
813,920
813,955
815,849
815,934
815,942
815,953
815,981
817,829
817,865
817,866
817,920
817,955
819,927
819,994
820,828
820,948
821,892
821,894
821,926
821,971
822,906
823,895
823,958
823,979
824,912
825,885
825,899
825,983
826,832
826,900
826,914
826,954
826,956
826,972
826,993
828,937
828,948
828,966
829,865
829,920
829,955
830,975
831,851
831,957
831,989
832,900
832,914
832,954
832,956
832,972
832,993
835,860
835,873
835,984
836,896
839,865
839,878
839,950
840,877
840,880
840,904
843,844
847,917
847,947
848,871
848,946
848,962
849,934
849,942
849,953
849,981
851,957
851,989
855,986
856,905
856,944
858,867
858,991
858,996
859,974
860,873
860,984
862,907
864,893
864,896
864,897
864,909
864,960
864,992
864,995
865,920
865,955
866,983
867,910
867,991
867,996
871,946
871,962
872,936
873,984
876,924
876,952
877,880
877,904
878,950
880,904
881,901
882,892
882,924
884,913
884,916
884,968
885,899
885,983
888,944
889,893
892,894
892,924
892,971
893,896
893,897
893,909
893,960
893,992
893,995
894,971
895,958
896,897
896,909
896,960
896,992
896,995
897,909
897,960
897,992
897,995
899,983
900,914
900,954
900,956
900,972
900,993
903,927
905,944
908,970
909,960
909,988
909,992
909,995
910,956
910,991
910,993
913,916
913,968
914,954
914,956
914,972
914,993
916,968
917,947
920,955
924,952
927,994
931,959
934,942
934,953
934,981
934,988
937,966
942,953
942,981
945,977
946,962
953,981
954,956
954,972
954,993
956,972
956,993
957,964
957,989
958,999
960,992
960,995
963,979
964,989
972,993
991,996
992,995
